algorithm,runs,successful_runs,failed_runs,success_rate,avg_total_cost_success,avg_execution_time_sec,avg_expanded_nodes,avg_chosen_nodes,avg_max_fringe_size,avg_path_length_success,median_execution_time_sec,median_total_cost_success,best_total_cost_success,worst_total_cost_success
astar,50.0,50.0,0.0,100.0,1.0750039960039957,0.050390072000445756,66.28,67.28,121.7,9.46,0.01449889999639705,1.0,0.7,1.95
uniform_cost,50.0,50.0,0.0,100.0,1.0750039960039957,1.7872293419984635,1035.22,1036.22,486.4,9.46,1.0703118499950506,1.0,0.7,1.95
breadth_first,50.0,50.0,0.0,100.0,1.1017701742701742,1.1877572300011525,1240.38,1241.38,503.76,9.46,0.6674585000000661,1.05,0.7,1.95
greedy,50.0,50.0,0.0,100.0,1.8359227994227991,0.8126011460018344,517.38,518.38,173.58,15.2,0.00224564998643465,1.0757575757575757,0.7,7.633333333333331
depth_first,50.0,50.0,0.0,100.0,6.663036963036961,0.35770298399962486,1255.84,1256.84,148.04,59.66,0.27890540000225883,6.45454545454545,5.285714285714283,8.875
